id,label
1503745355342561280,nonmisinfo
1629715745440689920,misinfo
1497455351351894016,misinfo
1507713049783934720,nonmisinfo
1508138560297345024,misinfo
1508091366806544384,nonmisinfo
1500578303434194688,nonmisinfo
1507877357465473024,nonmisinfo
1507629049153208320,nonmisinfo
1507488431198380032,misinfo
1501295570089955328,nonmisinfo
1498302781895151616,nonmisinfo
1507508809434116096,nonmisinfo
1507827474691931904,nonmisinfo
1502086077724643328,nonmisinfo
1508124324623966208,misinfo
1508152817290289152,nonmisinfo
1507500139094556672,misinfo
1508155724551053312,nonmisinfo
1508143815512707072,misinfo
1507631782702698496,misinfo
1501461413415555072,nonmisinfo
1498766710631014400,misinfo
1501019738163461888,nonmisinfo
1506338342886989824,nonmisinfo
1500518594966614016,nonmisinfo
1507626731116580864,nonmisinfo
1507491626658185216,misinfo
1505884358502137856,nonmisinfo
1497631198369226752,misinfo
1503067426468114432,misinfo
1508214193689874432,nonmisinfo
1508111101598253056,nonmisinfo
1508157555264180224,nonmisinfo
1508152490503507968,nonmisinfo
1508118609130057728,nonmisinfo
1508173410442125312,nonmisinfo
1501269530156408832,nonmisinfo
1508179299320348672,nonmisinfo
1517901953107377920,misinfo
1507507213631254528,nonmisinfo
1508189302081077248,nonmisinfo
1508081709610422272,nonmisinfo
1507794352516615936,nonmisinfo
1508168172121341952,misinfo
1508102155038867456,nonmisinfo
1507745562400997120,nonmisinfo
1508071252447174656,nonmisinfo
1507582607588040704,nonmisinfo
1579874201456242688,misinfo
1508067758248013824,nonmisinfo
1499481185210228736,nonmisinfo
1506035186403844096,nonmisinfo
1503008360685317888,nonmisinfo
1501579191485186048,nonmisinfo
1507538471824420864,nonmisinfo
1507775218214965248,misinfo
1508178987482337280,misinfo
1593197989824450304,misinfo
1507776082539393024,nonmisinfo
1508148591956827904,nonmisinfo
1508200181459820288,nonmisinfo
1507716883067203584,nonmisinfo
1507697240940363520,nonmisinfo
1508011611222646784,nonmisinfo
1506047837431537664,nonmisinfo
1508224690372083712,nonmisinfo
1502269463630020608,nonmisinfo
1571263327216467968,misinfo
1508118164835811328,nonmisinfo
1508073559687577600,nonmisinfo
1508092799660535808,nonmisinfo
1508148041827721216,misinfo
1508199422244659200,nonmisinfo
1508131409109692416,misinfo
1508073775350390784,nonmisinfo
1508213139699032064,nonmisinfo
1500070306458877952,misinfo
1508059090618134528,nonmisinfo
1508175521494011904,nonmisinfo
1496191658387517440,misinfo
1496899251833552896,nonmisinfo
1496892455731433472,nonmisinfo
1508095168922234880,misinfo
1507748842661637888,nonmisinfo
1507730040192122880,nonmisinfo
1507672286236708864,misinfo
1534503807262023680,misinfo
1508080929050345472,nonmisinfo
1572592446843899904,nonmisinfo
1508054988626530304,nonmisinfo
1499958126862241536,nonmisinfo
1504957310946320384,nonmisinfo
1508040243701764096,nonmisinfo
1547482058443948032,nonmisinfo
1508138647756972032,nonmisinfo
1519438518551994368,misinfo
1505096859961995264,misinfo
1497545969784823808,misinfo
1508227759612600320,misinfo
1507903228679274496,nonmisinfo
1500539574061506304,nonmisinfo
1508162483034459904,nonmisinfo
1592885853004914688,misinfo
1501647433905975296,nonmisinfo
1508138320802430720,misinfo
1507929659585232896,nonmisinfo
1508198619396153088,nonmisinfo
1508068133063610368,nonmisinfo
1508169477279653888,nonmisinfo
1508218833550680064,misinfo
1508157775943286784,nonmisinfo
1497057867400024064,nonmisinfo
1504758141577318400,misinfo
1508178316825665536,misinfo
1508160764175077120,nonmisinfo
1508147483481886720,nonmisinfo
1507990807512588288,nonmisinfo
1496901392958725888,nonmisinfo
1503574798256861184,nonmisinfo
1508188634234695680,nonmisinfo
1507502973341118464,nonmisinfo
1501587021017456640,nonmisinfo
1507567087551938304,misinfo
1508184665106100224,misinfo
1503470362641772288,misinfo
1506412752423854080,nonmisinfo
1504277450141876224,misinfo
1500272145750007808,nonmisinfo
1507798716052242432,nonmisinfo
1507772905035288320,nonmisinfo
1508206630982373120,misinfo
1508101157637398528,nonmisinfo
1498937194043658240,misinfo
1592953870128664320,misinfo
1508172225253457920,nonmisinfo
1508165230618157056,misinfo
1508096031313080320,nonmisinfo
1507978620337229824,nonmisinfo
1496730909021777920,misinfo
1631315954666799104,misinfo
1501749465803284480,misinfo
1507971332906041088,nonmisinfo
1508095358685126656,nonmisinfo
1507853024219496448,nonmisinfo
1510959475968065536,misinfo
1508167564920299520,nonmisinfo
1508105196626329600,nonmisinfo
1500268870774501120,nonmisinfo
1508166957656207104,nonmisinfo
1508089604125122304,nonmisinfo
1506251219974696704,nonmisinfo
1500432950605017088,misinfo
1501728028283580416,misinfo
1499782650533457920,nonmisinfo
1508127767187136512,nonmisinfo
1505711419261857536,nonmisinfo
1507833340782518272,nonmisinfo
1496003007313772288,nonmisinfo
1508206866249265152,misinfo
1499677058980585472,nonmisinfo
1507989730914447104,misinfo
1507784014953811968,misinfo
1508173482697592832,misinfo
1508076166917279488,nonmisinfo
1508146369520930816,nonmisinfo
1503525133931143168,nonmisinfo
1507753931375623936,nonmisinfo
1508100041042452480,nonmisinfo
1507847367298592768,nonmisinfo
1508209644388372480,nonmisinfo
1508228632082321408,nonmisinfo
1508112281552527104,nonmisinfo
1501864325258092288,nonmisinfo
1508172007321620480,misinfo
1508057215915249664,misinfo
1502389284027998208,nonmisinfo
1507721005262946304,misinfo
1500007044669136896,misinfo
1502889284868751104,nonmisinfo
1508194645355995136,nonmisinfo
1503243282838867968,nonmisinfo
1508168886239248384,misinfo
1504737117980692480,nonmisinfo
1496734770465849088,nonmisinfo
1507836810222874624,misinfo
1508040434295230464,misinfo
1497536923904139264,misinfo
1508134494322233088,misinfo
1508135662557401088,nonmisinfo
1508187321065254912,nonmisinfo
1504452444801335296,misinfo
1497359243053314048,misinfo
1508002779238916096,nonmisinfo
1508002787581382656,nonmisinfo
1504623624325541888,nonmisinfo
1507508414712360704,nonmisinfo
1500024770481512448,nonmisinfo
1500100799552176128,nonmisinfo
1508163134015610880,nonmisinfo
1602720378333323264,misinfo
1503872478879301632,nonmisinfo
1510975889588293632,misinfo
1508213616931217408,misinfo
1508196834954645504,nonmisinfo
1508119602311704320,misinfo
1605643225556844288,misinfo
1507485557449887488,misinfo
1508145751875940352,misinfo
1508151655191224320,misinfo
1497687811679424512,nonmisinfo
1508179527381491712,misinfo
1506154637711319040,nonmisinfo
1508154798713020416,nonmisinfo
1503828923406241792,nonmisinfo
1500395948475830272,nonmisinfo
1501012025987956736,nonmisinfo
1498532482785894400,nonmisinfo
1508147074918985728,nonmisinfo
1507928440959213568,nonmisinfo
1508206451726053120,nonmisinfo
1508156116118736896,nonmisinfo
1508000375231729664,misinfo
1508114066350481408,nonmisinfo
1500393059833593856,misinfo
1507933896742252288,nonmisinfo
1501297483065999104,nonmisinfo
1210567509742518272,misinfo
1503399263610589184,nonmisinfo
1508156030294786048,nonmisinfo
1508224864871718912,nonmisinfo
1508179874460053504,nonmisinfo
1503876510024937472,misinfo
1507994808228273920,nonmisinfo
1508183556308226048,nonmisinfo
1507802032861818880,nonmisinfo
1507801891169869824,misinfo
1572313444581511168,misinfo
1508167427623952384,nonmisinfo
1507968157470048256,nonmisinfo
1508180809416539904,nonmisinfo
1508176096369561600,nonmisinfo
1508107269866725120,nonmisinfo
1508090212676620288,nonmisinfo
1508130327058919424,nonmisinfo
1500223302941487104,misinfo
1508068074754293504,nonmisinfo
1498383796424560640,misinfo
1501051415279861504,nonmisinfo
1507475502965169920,misinfo
1501527017698697216,nonmisinfo
1508072696256548864,nonmisinfo
1507488475150528512,nonmisinfo
1507741696225910784,nonmisinfo
1506952156968062720,misinfo
1508178682984214528,nonmisinfo
1561400078686109696,misinfo
1497142249561673728,misinfo
1508132818169344000,nonmisinfo
1509420608613933056,misinfo
1508184005635719168,nonmisinfo
1516168580198330368,nonmisinfo
1507965019283202048,nonmisinfo
1507776990551502848,nonmisinfo
1501869663004749824,nonmisinfo
1507704528073805824,nonmisinfo
1496840441173471232,misinfo
1508198784282595328,nonmisinfo
1507724484199038720,nonmisinfo
1624706379729584128,misinfo
1505570678598250496,nonmisinfo
1508175782467747840,nonmisinfo
1508142265285242880,nonmisinfo
1508168024234340352,misinfo
1508118297786691584,nonmisinfo
1508048885134020608,nonmisinfo
1499543775240196096,misinfo
1498000295187685120,nonmisinfo
1508153972313440256,misinfo
1501536067169751040,nonmisinfo
1507983125355315200,misinfo
1508166861376172032,misinfo
1508108564736270336,nonmisinfo
1504751093221318656,nonmisinfo
1508130804353883904,misinfo
1506270993874104320,nonmisinfo
1508007161561034752,misinfo
1508042723580084224,nonmisinfo
1508198239522148352,nonmisinfo
1507502264201662464,nonmisinfo
1630818828958482432,nonmisinfo
1507484112784801536,nonmisinfo
1508134708105949184,nonmisinfo
1508180290207952896,nonmisinfo
1502667811528884224,misinfo
1496831097325473536,misinfo
1508188926275641088,nonmisinfo
1501892351693893632,nonmisinfo
1507942953787875328,nonmisinfo
1508149885602004736,nonmisinfo
1500278271451312128,nonmisinfo
1508154045395091456,misinfo
1498247150953799680,misinfo
1507797890193887232,nonmisinfo
1508193364897845248,nonmisinfo
1508163819721396224,nonmisinfo
1507472210247786496,misinfo
1497893104308965120,misinfo
1508225161354485504,misinfo
1508177220665331712,nonmisinfo
1507511027734388736,nonmisinfo
1508152338426601472,nonmisinfo
1507697405294223104,nonmisinfo
1508044882644017152,nonmisinfo
1507555628612390912,nonmisinfo
1496962690459193088,nonmisinfo
1508085411066925056,nonmisinfo
1507604898858295296,nonmisinfo
1503614416369364736,nonmisinfo
1573268438369312768,nonmisinfo
1508058669702955008,nonmisinfo
1508227726422986752,nonmisinfo
1508107902849933312,nonmisinfo
1508138119878647808,misinfo
1508088316024946688,misinfo
1508222229787643904,nonmisinfo
1508181393330917120,nonmisinfo
1502978846500573184,misinfo
1508071819487719424,misinfo
1503539381574938624,misinfo
1507988033450254336,nonmisinfo
1507507862678953984,nonmisinfo
1508177133935513600,nonmisinfo
1508098031257886720,nonmisinfo
1508016171408318464,nonmisinfo
1508107357485686784,misinfo
1507936347142512640,nonmisinfo
1508176637266911232,nonmisinfo
1508139285693800448,misinfo
1597908088715358208,misinfo
1507910104405864448,nonmisinfo
1508209705478508288,misinfo
1508129210115756032,nonmisinfo
1508209019089035264,nonmisinfo
1505826253038891008,misinfo
1500467757980483584,nonmisinfo
1497123087749419008,misinfo
1507973744685621248,nonmisinfo
1503796379600265216,nonmisinfo
1508211881152024320,misinfo
1507538150792613888,nonmisinfo
1507999255860068352,nonmisinfo
1508171298060578816,nonmisinfo
1507479983001903104,nonmisinfo
1508141424436383488,misinfo
1507819899523145728,nonmisinfo
1516169226188320768,nonmisinfo
1508214990595104768,misinfo
1508157408476114688,nonmisinfo
1507529226408263680,misinfo
1508135485503323904,nonmisinfo
1502513149567766528,nonmisinfo
1508171615275655168,nonmisinfo
1508125246121033728,nonmisinfo
1508209224043712512,nonmisinfo
1508530574557859840,misinfo
1508140892489662464,nonmisinfo
1508162587699163136,nonmisinfo
1502780570203566080,nonmisinfo
1527951794734784512,misinfo
1507730295818182656,nonmisinfo
1508175759029940224,nonmisinfo
1513250975447985920,nonmisinfo
1504116578656583680,nonmisinfo
1508037947572035584,nonmisinfo
1584201364259115008,misinfo
1507779153235525632,nonmisinfo
1499820174001598464,nonmisinfo
1507783447271677952,misinfo
1508167653889822720,nonmisinfo
1496766571490037504,nonmisinfo
1508190539346235392,nonmisinfo
1508204847241342720,misinfo
1508160844269510656,nonmisinfo
1522182030058045440,misinfo
1505680440631382016,nonmisinfo
1508134585896480768,nonmisinfo
1508194405701849088,nonmisinfo
1528433558938955520,misinfo
1506659830831980288,nonmisinfo
1508035125560455168,nonmisinfo
1508223149569101824,nonmisinfo
1507974965877911552,nonmisinfo
1623408183858323456,misinfo
1508139032861155328,nonmisinfo
1508104499994443520,nonmisinfo
1500833055522578432,misinfo
1624682650953973504,misinfo
1507922058566643712,nonmisinfo
1508185099149447168,misinfo
1508148936049332224,nonmisinfo
1500817140601212928,nonmisinfo
1499756829424820224,nonmisinfo
1502669600554721280,nonmisinfo
1508081069660282880,nonmisinfo
1507738964211474432,nonmisinfo
1508116988383612928,nonmisinfo
1508103395428732928,nonmisinfo
1497887108568166400,misinfo
1507909176160256000,misinfo
1508033191546089472,nonmisinfo
1500154645448175616,misinfo
1500205210916073472,nonmisinfo
1497624801497821184,nonmisinfo
1507829846801793024,nonmisinfo
1508130138055139328,nonmisinfo
1507934751075622912,nonmisinfo
1507507502195355648,nonmisinfo
1507012731332751104,nonmisinfo
1508209545260064768,nonmisinfo
1508150019827945472,nonmisinfo
1505296289701023488,nonmisinfo
1507830478639808512,nonmisinfo
1508054451193532416,nonmisinfo
1539707956069007104,misinfo
1507535880143007488,nonmisinfo
1508043698151510016,misinfo
1507953058763976704,nonmisinfo
1497954998189277184,misinfo
1508160822618787840,nonmisinfo
1513429250459721728,nonmisinfo
1506285837713121280,nonmisinfo
1580863579984605184,nonmisinfo
1502164918962991104,nonmisinfo
1508186350666891264,misinfo
1507685203816369920,misinfo
1508168292648861696,nonmisinfo
1501254819444494336,nonmisinfo
1507603050642702336,misinfo
1508181492010209280,nonmisinfo
1508130636330057728,nonmisinfo
1507921761676845056,nonmisinfo
1508044380619300864,misinfo
1508008136401375232,misinfo
1617511672817799168,misinfo
1629486360041082880,misinfo
1507746255241629696,nonmisinfo
1507834949138743296,nonmisinfo
1507766593429848064,misinfo
1508226888359190528,nonmisinfo
1507522862105698304,nonmisinfo
1499751918054293504,nonmisinfo
1507871862298132480,nonmisinfo
1508129809322422272,nonmisinfo
1566731430415151104,misinfo
1508145183694725120,nonmisinfo
1507784655717556224,nonmisinfo
1500803004278231040,misinfo
1507674801900601088,nonmisinfo
1507868897407647488,nonmisinfo
1507851451996987136,nonmisinfo
1507744565352181504,nonmisinfo
1500870203219062784,misinfo
1507607956648509440,misinfo
1508148745204277248,misinfo
1508212825772412928,misinfo
1508010982051921920,nonmisinfo
1505916404444319488,nonmisinfo
1508154106308869888,misinfo
1579383745861541888,misinfo
1508134618612088832,nonmisinfo
1507824279748022272,nonmisinfo
1508168530885238784,misinfo
1501159468415000320,nonmisinfo
1503332899634180096,nonmisinfo
1508179942722445312,nonmisinfo
1500364217727303680,nonmisinfo
1508135182372589568,nonmisinfo
1530240068547387136,misinfo
1503789396725751808,nonmisinfo
1508037929125486336,nonmisinfo
1508028894187864064,nonmisinfo
1508131165772910336,nonmisinfo
1508214457918365696,nonmisinfo
1496581903205511168,misinfo
1500149032982875904,nonmisinfo
1506031949386813440,misinfo
1499752852486598656,nonmisinfo
1501237463578079232,nonmisinfo
1507966831281139712,nonmisinfo
1504202623355924480,nonmisinfo
1507782513527193600,nonmisinfo
1507955344043036672,nonmisinfo
1497870644826017536,misinfo
1508065481374281728,misinfo
1507731086373277696,nonmisinfo
1508159555938701312,nonmisinfo
1508046858698072064,nonmisinfo
1506375534942597120,nonmisinfo
1507836490121887488,nonmisinfo
1508032518603296768,nonmisinfo
1508227353691914240,nonmisinfo
1507746998434287616,nonmisinfo
1507642521790431232,nonmisinfo
1508220027518205952,nonmisinfo
1507828064901898240,nonmisinfo
1504550572157980672,nonmisinfo
1507990630013751296,nonmisinfo
1592653233276981248,misinfo
1550868173146177536,misinfo
1503969012770025472,nonmisinfo
1502790730770698240,nonmisinfo
1508046426227580928,nonmisinfo
1510648066403143680,misinfo
1500807382242312192,nonmisinfo
1508117410909466624,misinfo
1508176081156780032,nonmisinfo
1508190537345642496,nonmisinfo
1507567510274469888,nonmisinfo
1508167000010469120,misinfo
1508133869815570432,nonmisinfo
1508114654630924288,misinfo
1501935096965648384,nonmisinfo
1508187545301139456,nonmisinfo
1508184397232680704,nonmisinfo
1508216660062318336,nonmisinfo
1508156954014744320,nonmisinfo
1507920920765247488,nonmisinfo
1505196393509830656,nonmisinfo
1507830944954138624,nonmisinfo
1508158207197388800,misinfo
1502936251556634624,nonmisinfo
1508188457646104320,nonmisinfo
1503913933144395520,nonmisinfo
1550783680939015936,misinfo
1500159554742538240,nonmisinfo
1507526052222050304,nonmisinfo
1508115380283313920,nonmisinfo
1507565276468027136,nonmisinfo
1508011679820431104,nonmisinfo
1501739564511239936,misinfo
1508004188726382336,misinfo
1570074814651535104,misinfo
1498966943453581312,nonmisinfo
1508097463126835200,nonmisinfo
1508147995501637632,nonmisinfo
1507737344299999232,nonmisinfo
1508167381989961728,nonmisinfo
1507817316481998848,nonmisinfo
1508206696451256320,nonmisinfo
1508166305182064640,nonmisinfo
1509981300240879616,misinfo
1507724929185492736,misinfo
1508172427569897472,nonmisinfo
1508014563068948480,nonmisinfo
1508186862275469312,nonmisinfo
1584936237806206720,misinfo
1508107696175828736,misinfo
1508112914007441408,nonmisinfo
1508108678238511104,nonmisinfo
1500158284090777600,nonmisinfo
1504949914681315328,nonmisinfo
1508145763267878912,misinfo
1508155796294717440,nonmisinfo
1507542788623245312,nonmisinfo
1498710524833546240,nonmisinfo
1508169832436432896,nonmisinfo
1498224858102222848,misinfo
1508080159924133888,nonmisinfo
1508055335088570368,nonmisinfo
1507782970123296768,nonmisinfo
1499719782647701504,nonmisinfo
1564539988854841088,misinfo
1508131105093918720,nonmisinfo
1510311348151861248,misinfo
1507995122402836480,nonmisinfo
1507984036639256320,nonmisinfo
1507931705105072128,nonmisinfo
1507961360239542272,nonmisinfo
1508214431561523200,nonmisinfo
1508165858681659392,nonmisinfo
1502492518876782336,misinfo
1508112897448325120,misinfo
1499957834724745216,nonmisinfo
1505124916118671104,nonmisinfo
1508135283027582720,misinfo
1508083127381786624,nonmisinfo
1566423398691094528,misinfo
1508100247658156032,nonmisinfo
1508157185951473664,nonmisinfo
1492857985797955584,nonmisinfo
1507687636646907904,nonmisinfo
1507990642701795328,nonmisinfo
1504305725039730688,nonmisinfo
1501387668134919936,nonmisinfo
1507480405464821504,nonmisinfo
1507736714135015424,nonmisinfo
1508087953393922048,nonmisinfo
1507828792059908096,nonmisinfo
1508083050311262208,misinfo
1502343381107843072,nonmisinfo
1497300175731134464,misinfo
1508110589880672256,nonmisinfo
1508208608592510720,nonmisinfo
1500982511635255296,nonmisinfo
1501557298086354688,nonmisinfo
1508177500756717568,misinfo
1555963012644732928,misinfo
1498745593908322304,misinfo
1507821048963739648,nonmisinfo
1507746333708283904,nonmisinfo
1529405105577000704,misinfo
1521778262766239488,nonmisinfo
1508002981794435072,nonmisinfo
1508171679058612224,misinfo
1503949812907008000,nonmisinfo
1498034707610869504,nonmisinfo
1508067923889434624,nonmisinfo
1508075187782180864,nonmisinfo
1501816318626078720,nonmisinfo
1500184760294981632,nonmisinfo
1508164767206227968,nonmisinfo
1507539520287576064,nonmisinfo
1508161312882233088,nonmisinfo
1500623661803327488,misinfo
1508092182468923136,nonmisinfo
1508100825477902336,misinfo
1497540351493562368,nonmisinfo
1507772711245856768,nonmisinfo
1508087005548322816,nonmisinfo
1496858714778787840,nonmisinfo
1515753937139388416,misinfo
1508190075523419904,nonmisinfo
1502245363993874432,nonmisinfo
1507859498073051136,nonmisinfo
1507974367770255104,nonmisinfo
1508146712040570880,nonmisinfo
1507502420481527808,nonmisinfo
1507499372078108672,nonmisinfo
1507941191643369472,nonmisinfo
1508047709282127872,nonmisinfo
1507989703273889536,nonmisinfo
1508181004493766656,nonmisinfo
1508101992111284224,nonmisinfo
1510695095703646208,misinfo
1497745011932286720,misinfo
1501677179641507840,nonmisinfo
1499788694546493440,misinfo
1508119641943683072,misinfo
1507558816883392512,misinfo
1507686612322471936,misinfo
1498666237433458688,misinfo
1502622543928307712,nonmisinfo
1505308293383790336,misinfo
1498466373189595136,misinfo
1508189233990840320,nonmisinfo
1508116031541239808,nonmisinfo
1510000000000000000,nonmisinfo
1499728928830738432,nonmisinfo
1561079444273594368,misinfo
1508212987525488640,nonmisinfo
1508184596495671296,nonmisinfo
1508067008625229824,nonmisinfo
1507895607222063104,misinfo
1508229695250255872,nonmisinfo
1505517517711847424,misinfo
1508203865417596928,nonmisinfo
1508150781215653888,nonmisinfo
1500778769618923520,nonmisinfo
1508209171920957440,nonmisinfo
1508142960134737920,misinfo
1508115943859404800,misinfo
1505260885681577984,nonmisinfo
1502847733472034816,misinfo
1507709827639877632,nonmisinfo
1508134098325360640,nonmisinfo
1500528493511462912,misinfo
1508124604543512320,misinfo
1508106365562232832,nonmisinfo
1508175207860776704,nonmisinfo
1508102126484049920,nonmisinfo
1508133913348218880,nonmisinfo
1508165461812420608,nonmisinfo
1501236521386405888,nonmisinfo
1540297015028027136,misinfo
1494910645426434048,misinfo
1500751858184306688,nonmisinfo
1507471331230691328,nonmisinfo
1504210736629059584,nonmisinfo
1508122397190213632,nonmisinfo
1508214317090582528,nonmisinfo
1500093318465990656,nonmisinfo
1507926639556103936,nonmisinfo
1508157819564048384,nonmisinfo
1502135978437320704,nonmisinfo
1508200974212608000,misinfo
1507487860953435904,nonmisinfo
1508191813693317120,misinfo
1500156178802053120,nonmisinfo
1505254385076649984,nonmisinfo
1498266613002424320,misinfo
1503793161562427136,nonmisinfo
1501246928993939456,nonmisinfo
1526185858411405312,misinfo
1507525416252190720,nonmisinfo
1507976174361841664,nonmisinfo
1507835570747232256,nonmisinfo
1507562759839686656,nonmisinfo
1496951529944793088,misinfo
1508161456986279936,nonmisinfo
1501289207959937024,nonmisinfo
1507963142822776832,nonmisinfo
1500577713890942720,nonmisinfo
1537772023228911616,misinfo
1500298854406758400,nonmisinfo
1591496632058740736,misinfo
1508173005565804288,misinfo
1508216698205208320,nonmisinfo
1499383962866704384,misinfo
1507475206369071104,nonmisinfo
1508155429712506880,nonmisinfo
1501428881236049920,nonmisinfo
1504574553376370688,misinfo
1508170043431047168,nonmisinfo
1501686213073415936,nonmisinfo
1500593406502117120,nonmisinfo
1505912445373755136,nonmisinfo
1501942269804376064,misinfo
1501073469450063872,nonmisinfo
1507964251587039232,nonmisinfo
1508144130064535552,nonmisinfo
1507742677873438720,nonmisinfo
1499679913175097088,nonmisinfo
1580284194676084736,misinfo
1501130493781286912,misinfo
1504122561310900224,nonmisinfo
1501542654064009216,nonmisinfo
1501127613644873728,nonmisinfo
1508097033122459648,nonmisinfo
1508118132539506688,misinfo
1496866826348805888,nonmisinfo
1573575944035508224,misinfo
1507475419607572480,nonmisinfo
1508083081583939584,misinfo
1508104636535824384,nonmisinfo
1579416719478906880,misinfo
1508211594651652096,nonmisinfo
1579400473173381120,misinfo
1497195020813803520,misinfo
1508145450540572672,nonmisinfo
1507904889900642304,nonmisinfo
1507716501842800640,misinfo
1508133735228661504,nonmisinfo
1507733057385738240,misinfo
1508166720762093568,misinfo
1498217798371364864,misinfo
1508173833257238528,misinfo
1508137224780627968,nonmisinfo
1500885457068039936,nonmisinfo
1508188431704240128,nonmisinfo
1508066931668140032,misinfo
1505036885269299200,nonmisinfo
1508226178737487872,nonmisinfo
1507829918901678080,nonmisinfo
1508171931790594048,misinfo
1508129473123823616,nonmisinfo
1507705623496085504,nonmisinfo
1507683188449153024,nonmisinfo
1505353054782205952,nonmisinfo
1512466184817585920,misinfo
1508222509010886656,misinfo
1508015290566725632,nonmisinfo
1508185676302680064,nonmisinfo
1507945590956900352,nonmisinfo
1507638501960990720,misinfo
1507536181394771968,nonmisinfo
1508165140667060224,nonmisinfo
1496733416003358720,misinfo
1507916619154169856,nonmisinfo
1508141579969642496,nonmisinfo
1508169306626048000,nonmisinfo
1507827087301828608,misinfo
1514215892065918720,misinfo
1503127191713984512,misinfo
1508094495811854336,nonmisinfo
1504184087531355904,misinfo
1501584291934920704,nonmisinfo
1495765118969421824,misinfo
1502367083509788672,misinfo
1508133428138594304,nonmisinfo
1496736536385232896,misinfo
1578095254346924032,misinfo
1507995256557641728,nonmisinfo
1507736476657889280,nonmisinfo
1508101642071252736,nonmisinfo
1501579854566858752,nonmisinfo
1508160406908731136,nonmisinfo
1505280148827951104,nonmisinfo
1505613909880983552,nonmisinfo
1508131504479682304,misinfo
1504082399516319488,nonmisinfo
1507852672589778688,nonmisinfo
1508175158292488192,nonmisinfo
1497197877566840832,misinfo
1508189001097830400,nonmisinfo
1508090688839499520,nonmisinfo
1544291346592276480,misinfo
1507600047873089536,misinfo
1497763215333330688,nonmisinfo
1502360422372020224,nonmisinfo
1508093262959194112,misinfo
1507953929602355200,misinfo
1508082180496543488,nonmisinfo
1508116313952112640,nonmisinfo
1508177218488479488,misinfo
1506165440145682432,nonmisinfo
1500694717159587840,nonmisinfo
1503632915334377472,misinfo
1496726076688826368,nonmisinfo
1508077692058423296,nonmisinfo
1508045171715239936,misinfo
1502600112647941888,nonmisinfo
1507949053069434880,nonmisinfo
1602685791548882688,misinfo
1507731019549622272,misinfo
1499730259612213248,misinfo
1508175425389924352,nonmisinfo
1508184766582956032,misinfo
1507860944935870464,misinfo
1508187041598693120,nonmisinfo
1508157823749869568,nonmisinfo
1507809916962058240,nonmisinfo
1507611068302073856,nonmisinfo
1508173533876269056,misinfo
1508229869347675904,nonmisinfo
1508212613607473152,nonmisinfo
1504135515184181248,nonmisinfo
1501904697820688384,nonmisinfo
1507787731853787136,misinfo
1508047114961841920,nonmisinfo
1505327748939722752,nonmisinfo
1507809752558219264,nonmisinfo
1605863461946155008,nonmisinfo
1507543681871618048,nonmisinfo
1508202416742801408,nonmisinfo
1507526263405256704,nonmisinfo
1507537636034244608,nonmisinfo
1508199715443195904,misinfo
1508065845699883008,nonmisinfo
1508175497133502464,nonmisinfo
1508156342762147840,nonmisinfo
1508225236029698048,nonmisinfo
1502373875358867456,nonmisinfo
1508196140713447424,nonmisinfo
1507742628615491584,nonmisinfo
1522104739261030400,misinfo
1508132831851163648,nonmisinfo
1497527984324243456,nonmisinfo
1500761233972207616,nonmisinfo
1508081824488214528,nonmisinfo
1507737024073244672,nonmisinfo
1507490552224399104,nonmisinfo
1508076185988829184,nonmisinfo
1507493125509553920,nonmisinfo
1497651503988764672,nonmisinfo
1591992688940924928,misinfo
1507987749596499968,nonmisinfo
1500114618110427136,nonmisinfo
1507733496915456000,nonmisinfo
1508039932849311488,nonmisinfo
1506643748880633856,misinfo
1586741572682629120,misinfo
1508206939284676608,nonmisinfo
1500541791078174720,nonmisinfo
1505080379585171456,nonmisinfo
1542249790775459840,nonmisinfo
1508188316042244096,nonmisinfo
1507944760052441088,nonmisinfo
1618251076641390336,nonmisinfo
1507880266001494016,nonmisinfo
1508224066918002688,misinfo
1511959750124228608,misinfo
1528799438763872256,misinfo
1507834811603472384,misinfo
1508211215281098752,nonmisinfo
1514167823458881536,misinfo
1507822824261812224,nonmisinfo
1507719180463734784,nonmisinfo
1508135233513615104,nonmisinfo
1503582414966124288,nonmisinfo
1513085409403842304,misinfo
1499156937644118016,misinfo
1507547147264212736,nonmisinfo
1508115208883121920,nonmisinfo
1627898224806883328,misinfo
1501518042832027648,misinfo
1508161663773691904,nonmisinfo
1501985035200733184,nonmisinfo
1507519376886419456,misinfo
1516025635122069504,misinfo
1507527106640900096,nonmisinfo
1508150612822663168,nonmisinfo
1508161840328625920,nonmisinfo
1508012575077941248,nonmisinfo
1503475178768150528,nonmisinfo
1580803163019702272,misinfo
1508192341026344704,misinfo
1508077712644190208,misinfo
1498936885128876032,nonmisinfo
1508194036829638656,nonmisinfo
1507843001619386368,misinfo
1508147590394626048,nonmisinfo
1507507576476471296,nonmisinfo
1507862882440122368,nonmisinfo
1503634560009097216,nonmisinfo
1497607423594536704,misinfo
1523388301792595968,misinfo
1507808671472005120,nonmisinfo
1508214470014734336,nonmisinfo
1507611547773935616,nonmisinfo
1506298151879290880,nonmisinfo
1506718858371084288,misinfo
1508149407610707968,nonmisinfo
1500181339907231488,nonmisinfo
1507481725668106240,nonmisinfo
1508056148175474688,nonmisinfo
1503077627141185536,misinfo
1508212648801886208,nonmisinfo
1508175089170276352,misinfo
1507560032019300352,nonmisinfo
1508096621342609408,nonmisinfo
1497232053095448320,nonmisinfo
1500845412122771456,nonmisinfo
1508090518160429056,misinfo
1498325437507719168,misinfo
1503441515389018112,misinfo
1508174431331696640,nonmisinfo
1507705353257074688,nonmisinfo
1505559304702676992,nonmisinfo
1498378725896900608,nonmisinfo
1501159469363101696,nonmisinfo
1508219202590568448,nonmisinfo
1508196663667658752,nonmisinfo
1508167313413087232,nonmisinfo
1580864048786116608,misinfo
1508147940392464384,misinfo
1508113913371631616,nonmisinfo
1508201227795906304,nonmisinfo
1507565520421281536,nonmisinfo
1507584011786457088,nonmisinfo
1507767788030541824,nonmisinfo
1505341849619283968,nonmisinfo
1579498182840815616,nonmisinfo
1505161562977611520,nonmisinfo
1501928618267713536,nonmisinfo
1508230939150893056,misinfo
1508135894125060096,nonmisinfo
1506983149296930816,nonmisinfo
1508139428069445632,nonmisinfo
1508080290191020032,nonmisinfo
1508012059895738368,misinfo
1508207207304744704,nonmisinfo
1508050520291921920,nonmisinfo
1507981954272010240,misinfo
1508011141859098624,misinfo
1507502393637978112,nonmisinfo
1508076530727014400,nonmisinfo
1508222947709763584,nonmisinfo
1500143547215151104,nonmisinfo
1502535870175404032,nonmisinfo
1556225055302074368,misinfo
1508119102103199488,nonmisinfo
1508047667305365504,nonmisinfo
1508148660600811520,misinfo
1506970736908549888,nonmisinfo
1505875771109294080,misinfo
1508153742683783168,misinfo
1507807313377349632,nonmisinfo
1507996131606806528,nonmisinfo
1508171944440516608,nonmisinfo
1507496039858724864,nonmisinfo
1508150615574302720,misinfo
1508019508929187840,nonmisinfo
1508158106970345472,nonmisinfo
1508204908012527616,nonmisinfo
1508137112863973120,nonmisinfo
1508055594514759680,nonmisinfo
1508159136705486848,nonmisinfo
1502791019490086912,nonmisinfo
1500647203798462464,nonmisinfo
1507886318805729280,nonmisinfo
1501905719259549696,nonmisinfo
1507942951950995456,nonmisinfo
1508177104826998784,nonmisinfo
1502621972270043136,nonmisinfo
1508204643096145920,nonmisinfo
1499431223969595136,misinfo
1501390883643658240,nonmisinfo
1508146192517005312,misinfo
1514247915241455616,misinfo
1503486124827709440,nonmisinfo
1507572752823300096,nonmisinfo
1508087729019658240,nonmisinfo
1622559173400469504,misinfo
1506973182363901952,nonmisinfo
1508142938110394368,misinfo
1497121398514409472,misinfo
1500585674398846720,nonmisinfo
1507657011026087936,nonmisinfo
1508143843945828352,misinfo
1500846685764923136,nonmisinfo
1504733651359129600,nonmisinfo
1508129816448483328,misinfo
1500925126862376704,misinfo
1508183737875537920,nonmisinfo
1508192774218260480,nonmisinfo
1508151199643619328,misinfo
1500700267909685248,nonmisinfo
1508005920953012224,nonmisinfo
1508066666877435904,nonmisinfo
1508176608590536704,nonmisinfo
1507012448515026688,nonmisinfo
1502981858014941184,nonmisinfo
1507969514562072320,nonmisinfo
1507613165533556736,nonmisinfo
1507738239129604096,nonmisinfo
1508179498453413888,nonmisinfo
1507944919394144256,nonmisinfo
1508100657672245248,nonmisinfo
1506725824703123456,nonmisinfo
1508188167358324736,nonmisinfo
1508023036112523264,nonmisinfo
1501184953291321088,nonmisinfo
1507734364985380864,nonmisinfo
1508157561614356480,nonmisinfo
1508164556962643968,misinfo
1508104631485825024,nonmisinfo
1508177938130341888,misinfo
1627726254320365568,misinfo
1498583878118035456,nonmisinfo
1508153542762283008,misinfo
1510298120118325248,misinfo
1507226819044384768,nonmisinfo
1602724728757690368,misinfo
1508137221559361536,nonmisinfo
1508189239116238848,nonmisinfo
1496753332584652800,misinfo
1508149266543525888,misinfo
1508191360502931456,nonmisinfo
1498377484181680128,misinfo
1508137913912946688,nonmisinfo
1501257342985195520,nonmisinfo
1508124046613004288,nonmisinfo
1507958652015153152,nonmisinfo
1508229620763701248,misinfo
1503876361185898496,nonmisinfo
1508099196435374080,nonmisinfo
1507794191761362688,nonmisinfo
1508224841496907520,misinfo
1504103709902520320,nonmisinfo
1506324725764694016,nonmisinfo
1507507138498732032,nonmisinfo
1508135821613928448,nonmisinfo
1507535698072461312,nonmisinfo
1504096899384569856,nonmisinfo
1524402100913983488,misinfo
1508180287359963136,misinfo
1503183193100648448,nonmisinfo
1508213637370032128,nonmisinfo
1508151262545596416,nonmisinfo
1507889987701944320,nonmisinfo
1507979501560606720,nonmisinfo
1508166137028255488,nonmisinfo
1507819714344595456,nonmisinfo
1507927480128221184,nonmisinfo
1508158213941870592,nonmisinfo
1523650262350667520,misinfo
1507488350017572864,nonmisinfo
1508146531609812736,nonmisinfo
1508159140069261312,misinfo
1523613970413748224,misinfo
1507554574176972800,nonmisinfo
1508081884189929472,misinfo
1507791802136375296,nonmisinfo
1508220280635854848,nonmisinfo
1510484072744820736,misinfo
1507856213236666368,nonmisinfo
1507914377751834624,nonmisinfo
1508166799040393216,nonmisinfo
1501479150225268736,nonmisinfo
1497145381225967616,nonmisinfo
1502591793673781248,nonmisinfo
1508083652802105088,nonmisinfo
1507738312005467904,nonmisinfo
1527574860121009920,misinfo
1501688198577197056,misinfo
1508154098293559296,nonmisinfo
1507656572482330624,nonmisinfo
1498160848421879808,nonmisinfo
1499702156303155200,nonmisinfo
1508117020428013568,nonmisinfo
1507953663817486336,nonmisinfo
1523278067753435136,misinfo
1500568773266485248,nonmisinfo
1507991976595099648,misinfo
1505482809615527936,nonmisinfo
1508056807188877312,nonmisinfo
1503940367808438272,nonmisinfo
1508132109013114880,nonmisinfo
1502019080550715392,nonmisinfo
1508169053398917120,nonmisinfo
1508159833320665088,nonmisinfo
1508048545693466624,nonmisinfo
1507772111171076096,nonmisinfo
1508090768245751808,nonmisinfo
1500036719055290368,nonmisinfo
1507496518412025856,nonmisinfo
1507629900785754112,nonmisinfo
1508185790739845120,nonmisinfo
1497163346772176896,nonmisinfo
1501679522030235648,misinfo
1507758003084312320,nonmisinfo
1507750366133243904,nonmisinfo
1507932148049006336,misinfo
1498545929565126656,misinfo
1507829959787749120,nonmisinfo
1634669289784459264,misinfo
1595824499886362624,misinfo
1508198513263489024,nonmisinfo
1504610995708256256,nonmisinfo
1499750449704050688,nonmisinfo
1508162609320767488,nonmisinfo
1507528564178325504,nonmisinfo
1500866012853456896,nonmisinfo
1507803683488153600,nonmisinfo
1501156114884403200,nonmisinfo
1508057797325463552,nonmisinfo
1497364405801132032,misinfo
1507731872410971904,nonmisinfo
1508197514473844736,nonmisinfo
1501875097153454080,nonmisinfo
1500074913821913088,nonmisinfo
1521187810765680640,misinfo
1500155537878659072,nonmisinfo
1579941918720798720,misinfo
1508063499473272832,nonmisinfo
1507573610101329920,nonmisinfo
1524015372780949504,misinfo
1502599807034142720,misinfo
1508056786288332800,nonmisinfo
1498038178657316864,nonmisinfo
1581757530933723136,misinfo
1500821783594819584,nonmisinfo
1507986492274130688,nonmisinfo
1505880310046674688,nonmisinfo
1505430918512754688,misinfo
1503233347321200640,nonmisinfo
1508141780998393856,nonmisinfo
1508216473185095680,nonmisinfo
1498403488925114368,misinfo
1507753748252266496,nonmisinfo
1629911152015671296,misinfo
1507982242982809600,nonmisinfo
1507909714017136640,nonmisinfo
1508142726155366400,misinfo
1501447908763537408,nonmisinfo
1500039125491384320,nonmisinfo
1507979908659695616,nonmisinfo
1508149509603352320,nonmisinfo
1508062112756776704,nonmisinfo
1507764215179882496,nonmisinfo
1508141039542059008,nonmisinfo
1508059693327036416,nonmisinfo
1504454385962819584,nonmisinfo
1501951120062746624,nonmisinfo
1500761136727301888,nonmisinfo
1507534089854889984,nonmisinfo
1508216894616379136,misinfo
1507876964270370816,misinfo
1508220525524373504,nonmisinfo
1500856369708433408,nonmisinfo
1508196015316385792,misinfo
1507964467514068736,misinfo
1501138033067835136,nonmisinfo
1497597391838588928,misinfo
1622594025063579648,misinfo
1508051864214020096,nonmisinfo
1508177856219725824,nonmisinfo
1508164789025099520,misinfo
1508032305947889664,nonmisinfo
1508131411001106432,nonmisinfo
1507741886965899264,nonmisinfo
1519834078887002112,misinfo
1508148760672616448,nonmisinfo
1500096229509898240,misinfo
1508078427160547328,nonmisinfo
1496694906517180416,nonmisinfo
1508151119603589120,misinfo
1600890128540516352,misinfo
1508212675469365248,nonmisinfo
1625182246197166080,misinfo
1507738695880871936,misinfo
1497947370008547328,misinfo
1507660704270147584,nonmisinfo
1507980047956783104,misinfo
1499678544334630912,nonmisinfo
1507830952348823552,nonmisinfo
1507524579421523968,nonmisinfo
1508155647627509504,nonmisinfo
1597888002436796416,misinfo
1507966657494347520,nonmisinfo
1499091149650206720,nonmisinfo
1508049670957850624,misinfo
1505115495040794624,nonmisinfo
1507968462206943232,nonmisinfo
1540629107939098624,nonmisinfo
1508209618656268288,misinfo
1496893352771469312,nonmisinfo
1508134835247755264,nonmisinfo
1507814019666964480,nonmisinfo
1507961155385380864,misinfo
1501677719444144128,nonmisinfo
1508167988167561216,nonmisinfo
1505885143612940288,nonmisinfo
1508067011112415232,nonmisinfo
1507638192882786304,misinfo
1507651850052415488,nonmisinfo
1498369385345466368,nonmisinfo
1507972336246738688,nonmisinfo
1501503044290187264,nonmisinfo
1508150956797706240,nonmisinfo
1507872383130087424,nonmisinfo
1508157380772745216,nonmisinfo
1508137301435691008,nonmisinfo
1499721434964250624,nonmisinfo
1508146595262603264,nonmisinfo
1499056703425457920,misinfo
1508122199814725632,misinfo
1508202349973626880,misinfo
1502643785477545984,nonmisinfo
1501137153014779904,nonmisinfo
1508075617471774720,nonmisinfo
1507478762828537856,nonmisinfo
1494796538207518720,misinfo
1592091769126387712,nonmisinfo
1499458016952864768,nonmisinfo
1500880343142121472,misinfo
1508152952929800192,nonmisinfo
1601231043637673984,misinfo
1508168594542235648,nonmisinfo
1507880336423895040,nonmisinfo
1501026165477281536,misinfo
1507991941731995648,nonmisinfo
1498923913648263168,nonmisinfo
1507510682714971904,nonmisinfo
1500803876530028288,nonmisinfo
1629865140085481472,misinfo
1501942067001393152,nonmisinfo
1508169493272440832,nonmisinfo
1507515441966686208,misinfo
1501676240180322304,misinfo
1496894038401859584,nonmisinfo
1498268743000014848,misinfo
1504595682669338624,nonmisinfo
1523960336671551488,misinfo
1508144885135728640,misinfo
1500652614861656064,misinfo
1507985500346658816,nonmisinfo
1508190453853831168,nonmisinfo
1507720213113958400,nonmisinfo
1508192014793580288,nonmisinfo
1507996932203237120,misinfo
1501532573939699712,nonmisinfo
1507482586985209856,misinfo
1500655233554579456,nonmisinfo
1508152492936380416,misinfo
1500738097767718912,misinfo
1511222143526359040,misinfo
1508137764662915072,nonmisinfo
1507933119067869184,nonmisinfo
1508205761951940608,nonmisinfo
1494791763428618240,misinfo
1505579056917528320,nonmisinfo
1508163420268474368,nonmisinfo
1500435461546061824,nonmisinfo
1507910634742050816,nonmisinfo
1503272605981155328,nonmisinfo
1507492572729843712,nonmisinfo
1508144487314309120,nonmisinfo
1508167938892832768,misinfo
1508137235685814272,misinfo
1507670635673448448,nonmisinfo
1508173081499611136,nonmisinfo
1508107436149731328,nonmisinfo
1508200147423043584,misinfo
1508190579603165184,nonmisinfo
1508072508284674048,nonmisinfo
1527235597521362688,misinfo
1504423261467291648,nonmisinfo
1587536080714317824,misinfo
1508117200682602496,nonmisinfo
1508172592527536128,nonmisinfo
1499204051338207232,misinfo
1508161530315038720,nonmisinfo
1508064727783841536,nonmisinfo
1512787363042365440,misinfo
1508013659565563904,misinfo
1501677271186345984,nonmisinfo
1507790566687657984,nonmisinfo
1503788992621383680,misinfo
1508143264465141504,nonmisinfo
1508054387968589824,nonmisinfo
1507883814273626112,nonmisinfo
940554567414091520,misinfo
1508105819711320064,misinfo
1508003888640802816,misinfo
1508218556277833728,misinfo
1507930630507618304,misinfo
1508140872080183296,nonmisinfo
1508143708322947072,nonmisinfo
1507837685293105152,nonmisinfo
1507553935690772480,nonmisinfo
1508101697146548224,nonmisinfo
1508166463395438336,nonmisinfo
1507542199302438912,nonmisinfo
1506665305451417600,misinfo
1507497983251992320,nonmisinfo
1508051707497877504,nonmisinfo
1507857227637526528,nonmisinfo
1497493290173616128,misinfo
1621126893658415104,misinfo
1508109387046473728,nonmisinfo
1507960314419367936,nonmisinfo
1501259081989849088,nonmisinfo
1504205081251655680,misinfo
1497084630003970048,nonmisinfo
1508225080689582080,nonmisinfo
1508188854351769600,nonmisinfo
1580175782701592320,misinfo
1508210873134952448,misinfo
1500139572839305216,nonmisinfo
1508149896930635520,misinfo
1507958199663529984,nonmisinfo
1505209289887166464,nonmisinfo
1507956737206362112,nonmisinfo
1508176723929612288,misinfo
1505612320227135488,nonmisinfo
1508185336127672320,nonmisinfo
1509294443521843200,misinfo
1507963744319688704,misinfo
1508219836026916864,nonmisinfo
1507840399662014464,nonmisinfo
1508193755823849472,nonmisinfo
1507473519680098304,nonmisinfo
1507795466993479680,misinfo
1508205371910934528,nonmisinfo
1583053084330430464,misinfo
1507674415785553920,misinfo
1499655955910467584,nonmisinfo
1508061120950636288,nonmisinfo
1506319099961479168,misinfo
1508082003371044864,nonmisinfo
1508049785126854656,nonmisinfo
1508114073220788224,nonmisinfo
1508176041034059520,misinfo
1503040603478765568,misinfo
1499772385368682496,nonmisinfo
1507069337374531584,misinfo
1498129058906836736,nonmisinfo
1500529699025403904,nonmisinfo
1508115785947963136,misinfo
1508141779362750464,nonmisinfo
1502244419449372672,nonmisinfo
1508208520314818304,nonmisinfo
1508109175456669696,nonmisinfo
1500895590623940608,nonmisinfo
1500785056054661120,nonmisinfo
1496956726632923136,nonmisinfo
1508035390548103168,nonmisinfo
1540287564472631296,misinfo
1508000559957168128,nonmisinfo
1510336455985487872,nonmisinfo
1500170628699246336,misinfo
1499719817669996288,nonmisinfo
1508166735274274816,nonmisinfo
1508015876309909504,nonmisinfo
1507499061989224448,misinfo
1507769226513329920,nonmisinfo
1497737110207533056,nonmisinfo
1508158846920965888,misinfo
1505300431978774528,misinfo
1507669645150486528,misinfo
1508124753525153792,misinfo
1508159003796418304,misinfo
1507398345190481920,misinfo
1507817359901437952,misinfo
1507728328278560768,nonmisinfo
1507963564815896320,nonmisinfo
1508166603158040320,nonmisinfo
1508200955837394688,nonmisinfo
1497284271232458752,misinfo
1508100030728744704,nonmisinfo
1508206775853592320,nonmisinfo
1503834034979409920,nonmisinfo
1507934263970496512,nonmisinfo
1508208767187537920,nonmisinfo
1508211001044307968,nonmisinfo
1507522848336015104,misinfo
1508130310990577664,misinfo
1507557361447280640,nonmisinfo
1507819483196534784,nonmisinfo
1501108269036847104,nonmisinfo
1508225566063075328,nonmisinfo
1508130537898233856,nonmisinfo
1501086279026552832,misinfo
1508150317954867200,nonmisinfo
1507795590050193408,misinfo
1500154938390986752,misinfo
1508138331305033728,misinfo
1508083149460357120,nonmisinfo
1507846448678903808,nonmisinfo
1508143313295228928,nonmisinfo
1501840973323771904,nonmisinfo
1507936692560404480,nonmisinfo
1508087288810688512,nonmisinfo
1506798704971427840,misinfo
1508076368432611328,misinfo
1508139720408276736,nonmisinfo
1508182111441887232,nonmisinfo
1586337055201787904,misinfo
1559868828951117824,misinfo
1508158567563636736,misinfo
1507687768159404032,nonmisinfo
1508201005854478336,nonmisinfo
1507776494973554688,misinfo
1499485779650756608,nonmisinfo
1508165102826098688,nonmisinfo
1496976384044179456,nonmisinfo
1507847088809332736,nonmisinfo
1504945085225521152,nonmisinfo
1507199441350324224,misinfo
1504707864115437568,nonmisinfo
1507850230032748288,nonmisinfo
1500555688090685440,nonmisinfo
1507734057559470080,misinfo
1508183773472563200,nonmisinfo
1507560258419707904,nonmisinfo
1507623708508237824,nonmisinfo
1508177537817583616,nonmisinfo
1508142621893480448,nonmisinfo
1507670938338611200,nonmisinfo
1507794893925723904,nonmisinfo
1508093239672590336,misinfo
1508134604678602752,nonmisinfo
1507483309818920704,nonmisinfo
1496860313794265088,nonmisinfo
1507702386156089088,nonmisinfo
1508167582850772736,nonmisinfo
1499782189399031808,nonmisinfo
1508223849112158208,nonmisinfo
1507826983371223040,misinfo
1508027032478924800,nonmisinfo
1507496978606956288,nonmisinfo
1501530128353955840,misinfo
1603011201792987136,misinfo
1508160169607409664,nonmisinfo
1507684264678084608,nonmisinfo
1507781811274985472,misinfo
1508172026195889920,nonmisinfo
1566812389403770880,misinfo
1628279159263985664,misinfo
1508205393255800832,misinfo
1508166402292731904,nonmisinfo
1508138314624294912,nonmisinfo
1508168224055214080,nonmisinfo
1586623916709134336,misinfo
1508047082569019136,nonmisinfo
1499852599314444288,nonmisinfo
1507522213569781504,misinfo
1498011949191217152,nonmisinfo
1503854713875288064,misinfo
1497513189583749120,misinfo
1508172022420951040,misinfo
1507624452426772480,nonmisinfo
1508135888513118208,nonmisinfo
1508009978212270080,nonmisinfo
1507929429342756864,nonmisinfo
1508119730959224832,nonmisinfo
1507797012850397184,nonmisinfo
1507788568168525824,nonmisinfo
1501998400623022080,misinfo
1507133997121482752,misinfo
1508084924368273408,nonmisinfo
1507774886097272832,nonmisinfo
1508181611128492032,misinfo
1508174144638177280,nonmisinfo
1508060217518477312,nonmisinfo
1508144605170049024,misinfo
1508209894918295552,nonmisinfo
1508103016032911104,misinfo
1502037564869558272,nonmisinfo
1507719042005716736,nonmisinfo
1508102973284622336,misinfo
1501219569402368000,nonmisinfo
1504577328340422656,nonmisinfo
1498412548273623040,nonmisinfo
1501943315142299648,nonmisinfo
1574666334461431808,misinfo
1503286652881580032,nonmisinfo
1508138505402150912,nonmisinfo
1493962541772509184,misinfo
1505318175491207168,misinfo
1508135878874603520,misinfo
1380074907166502912,misinfo
1508108811617267712,nonmisinfo
1508149482986381312,nonmisinfo
1523264383065141248,misinfo
1508069227781054464,nonmisinfo
1508190784977502208,nonmisinfo
1500500803974574080,misinfo
1499691791989317632,nonmisinfo
1501179564537516032,nonmisinfo
1499989967782694912,misinfo
1508152159610806272,misinfo
1507534160365293568,nonmisinfo
1508136262527557632,nonmisinfo
1503251299999133696,misinfo
1502394906098159616,nonmisinfo
1507671345915641856,nonmisinfo
1507024442211270656,nonmisinfo
1508163941649858304,nonmisinfo
1508172596407414784,nonmisinfo
1508084088690946048,nonmisinfo
1508208195843485696,misinfo
1507737356211793920,nonmisinfo
1507576827992289280,nonmisinfo
1507000289110363904,nonmisinfo
1507515350618976256,nonmisinfo
1508173147090083840,misinfo
1507979713989705728,nonmisinfo
1507849965653004288,nonmisinfo
1504720686039851008,nonmisinfo
1502314035252973568,nonmisinfo
1508116806585798656,nonmisinfo
1508193008478564352,nonmisinfo
1508137368326479872,nonmisinfo
1506251143550324736,nonmisinfo
1508067654942215936,nonmisinfo
1504186935291506688,misinfo
1508057113318379520,nonmisinfo
1507730972430807040,nonmisinfo
1507671069381041920,nonmisinfo
1508155914003566592,nonmisinfo
1508108674073571328,nonmisinfo
1503058935145807872,misinfo
1507992744056492032,nonmisinfo
1507863994907995904,nonmisinfo
1507732219061686272,nonmisinfo
1508190181928677120,misinfo
1508182512488828928,nonmisinfo
1526800087342620672,misinfo
1508042172368629504,nonmisinfo
1508226924937715712,nonmisinfo
1512180110295764736,misinfo
1508179472612270080,nonmisinfo
1505724627649241088,nonmisinfo
1512559212416704512,nonmisinfo
1507848521914986496,nonmisinfo
1508030275099709440,nonmisinfo
1504757251671982080,misinfo
1505280951424745472,misinfo
1501338362963443712,nonmisinfo
1508148627683880704,nonmisinfo
1503441973314785280,nonmisinfo
1507619433249861632,nonmisinfo
1500879178874474496,nonmisinfo
1504785321480892416,nonmisinfo
1506972353250881536,nonmisinfo
1508136769010556928,misinfo
1501577212981837824,nonmisinfo
1508105484724850688,nonmisinfo
1507753159426465536,nonmisinfo
1508192047714521088,nonmisinfo
1506407061554446336,misinfo
1508214430076604416,nonmisinfo
1504799234511577088,nonmisinfo
1501021329050697728,nonmisinfo
1507929012643168256,nonmisinfo
1508194642394640384,nonmisinfo
1508217553339957248,misinfo
1500048844104601600,nonmisinfo
1508162894067814400,nonmisinfo
1508203926482558720,nonmisinfo
1507796844834926592,nonmisinfo
1504258777910222848,nonmisinfo
1508173980276080640,nonmisinfo
1498789241802866688,misinfo
1508128254741393408,nonmisinfo
1507493178487754752,nonmisinfo
1505675447564177408,nonmisinfo
1508079484183977984,nonmisinfo
1502240120531197952,nonmisinfo
1500266061102518272,nonmisinfo
1507812010112655104,nonmisinfo
1508166309179269120,misinfo
1500578977706127104,misinfo
1527980942140313600,misinfo
1508212688383586304,nonmisinfo
1508016225896566784,misinfo
1508167783812636672,nonmisinfo
1508078910940094464,nonmisinfo
1508112185641390080,nonmisinfo
1501232053144023040,nonmisinfo
1508175459258933248,nonmisinfo
1506441971623030784,nonmisinfo
1508081407243001856,nonmisinfo
1508025892156723200,misinfo
1507677553934618624,nonmisinfo
1508012124890669056,nonmisinfo
1508137279537168384,misinfo
1507877609757159424,nonmisinfo
1508005135720411136,misinfo
1500259370491330304,nonmisinfo
1508130856996638720,misinfo
1508137114696826880,nonmisinfo
1503886362461626368,nonmisinfo
1511975265773236224,misinfo
1507771606051229696,nonmisinfo
1508224963110703104,misinfo
1508169011934244864,nonmisinfo
1508204854451310592,nonmisinfo
1497372714696327168,misinfo
1507519225031626752,nonmisinfo
1508194110204780288,misinfo
1508063127967088640,nonmisinfo
1507706322304835584,nonmisinfo
1622637123646943232,misinfo
1498007955437932288,nonmisinfo
1497121493804793856,misinfo
1501584846849671168,nonmisinfo
1499610266903928832,nonmisinfo
1500382876382396416,nonmisinfo
1499644231383724032,nonmisinfo
1501635351965798400,misinfo
1507982390337101824,nonmisinfo
1508211371950972928,misinfo
1497814720023515136,nonmisinfo
1508033099824775168,misinfo
1507600366715744256,misinfo
1507551283934375936,nonmisinfo
1508154820242329600,nonmisinfo
1574806391008763904,misinfo
1507770926800244736,nonmisinfo
1507248134879121408,misinfo
1502314354393317120,nonmisinfo
1507582055194017536,nonmisinfo
1508135073043951616,nonmisinfo
1572473947823943680,nonmisinfo
1498045416054611968,nonmisinfo
1508068165745627136,nonmisinfo
1507975546172592128,nonmisinfo
1501607683585036288,nonmisinfo
1501219942737264640,misinfo
1520900436949356288,misinfo
1497202755928301568,nonmisinfo
1508138558565068800,nonmisinfo
1496765402361131008,nonmisinfo
1508111430763044864,nonmisinfo
1508170411766333440,nonmisinfo
1504793320320602112,nonmisinfo
1508129891073548288,nonmisinfo
1505779499912159232,nonmisinfo
1508052925515702272,misinfo
1508176242612350720,nonmisinfo
1579421286144815104,misinfo
1508049811777339136,nonmisinfo
1508163656143753216,nonmisinfo
1508206596521750528,nonmisinfo
1507824712746946304,misinfo
1508200359176638464,nonmisinfo
1498321922085511168,misinfo
1500586167976214528,nonmisinfo
1508201189313285888,misinfo
1507931513966723072,nonmisinfo
1507815971146199040,nonmisinfo
1507940321342402304,nonmisinfo
1508121867923640320,nonmisinfo
1508213951921856512,nonmisinfo
1508124648642387968,nonmisinfo
1519701776626298880,misinfo
1508132032878157824,misinfo
1508061980707409920,nonmisinfo
1508176265467019264,nonmisinfo
1504315951629672448,nonmisinfo
1501599236449734656,nonmisinfo
1508167366361993216,nonmisinfo
1501722753921351680,nonmisinfo
1504176375187484672,nonmisinfo
1508184600736149504,nonmisinfo
1508144318631976704,nonmisinfo
1504305298919628800,nonmisinfo
1507610310785609728,nonmisinfo
1508209365458857984,nonmisinfo
1597895208582381568,misinfo
1508101195990277888,nonmisinfo
1531621366490927104,misinfo
1511066858790785024,nonmisinfo
1507692854516326400,nonmisinfo
1508068687999385600,nonmisinfo
1501701919571693568,misinfo
1508055624747302912,nonmisinfo
1508192684489515008,nonmisinfo
1508209511990976512,nonmisinfo
1508203639340425216,nonmisinfo
1504832679145254912,nonmisinfo
1508141158752567296,nonmisinfo
1507059910907146240,nonmisinfo
1507762706564415488,nonmisinfo
1501536696906575872,nonmisinfo
1529790109427683328,nonmisinfo
1505370439085871104,misinfo
1508182066889908224,nonmisinfo
1508164838849196032,nonmisinfo
1507702566473375488,misinfo
1501396289166053120,nonmisinfo
1500573355400859648,misinfo
1508144488077795328,nonmisinfo
1496712465266225152,nonmisinfo
1502354207462293504,nonmisinfo
1507755957882957824,nonmisinfo
1508221082750312448,nonmisinfo
1508102930225893120,nonmisinfo
1508096209705226240,misinfo
1508138184969965568,nonmisinfo
1498122123671490304,nonmisinfo
1508225305114198016,nonmisinfo
1507757173874470912,nonmisinfo
1508191568322256896,nonmisinfo
1507474963971944448,nonmisinfo
1501256508646084608,nonmisinfo
1508059507926130688,misinfo
1496254107660738304,misinfo
1507709904534048768,nonmisinfo
1508161765271642112,misinfo
1508189439235079936,misinfo
1508216650495004672,misinfo
1508156402988384256,misinfo
1500260327530843904,misinfo
1499883462773334016,misinfo
1511008603964071936,misinfo
1508118772451876864,nonmisinfo
1500396812150222848,nonmisinfo
1507473824895447040,misinfo
1505289488691601408,nonmisinfo
1507848117118390272,nonmisinfo
1508223572635922432,nonmisinfo
1504690987632934912,nonmisinfo
1508074541788061696,nonmisinfo
1508149591132282880,nonmisinfo
1493576979341262848,misinfo
1545371603919331328,misinfo
1508082642629054464,misinfo
1507943930125598720,misinfo
1508170685277159424,nonmisinfo
1516168735781912320,nonmisinfo
1508168091943022336,nonmisinfo
1502414697076822016,nonmisinfo
1508095177952567296,misinfo
1512369024084152320,misinfo
1500830420476510208,nonmisinfo
1508152530081128448,nonmisinfo
1508227224285192192,misinfo
1508443796802965504,nonmisinfo
1507905447084187648,nonmisinfo
1507827955170381824,nonmisinfo
1507500669108121600,nonmisinfo
1504056101033099264,misinfo
1635766242911961088,misinfo
1508078963066904320,nonmisinfo
1508177607250042880,misinfo
1508204126223564800,nonmisinfo
1508143297121816320,misinfo
1508131825054494720,misinfo
1508105323315441664,nonmisinfo
1508175647566450688,nonmisinfo
1506211211301605120,misinfo
1497010566581346304,misinfo
1506263173669695488,nonmisinfo
1508225920901033984,misinfo
1508138378180583424,misinfo
1508182339322531840,misinfo
1508197140597727232,nonmisinfo
1505242488696717312,nonmisinfo
1508182986730180608,nonmisinfo
1496749941301121024,misinfo
1499937578287759104,nonmisinfo
1508153312457244672,misinfo
1508108429902155520,misinfo
1616323761392812032,misinfo
1496980524962705408,nonmisinfo
1500775260412686336,misinfo
1508080328639975424,nonmisinfo
1508036491406102528,nonmisinfo
1508133712961048320,nonmisinfo
1507548656567611136,nonmisinfo
1499281114057396224,nonmisinfo
1507735549402140672,nonmisinfo
1508203367851569152,nonmisinfo
1542788850598268928,misinfo
1529144148087001088,misinfo
1497672279475503104,misinfo
1508102432227840000,nonmisinfo
1507892083402673920,misinfo
1504780403143495680,nonmisinfo
1501433103285637120,nonmisinfo
1507986014777847808,nonmisinfo
1508164646045470720,nonmisinfo
1500480339743064064,nonmisinfo
1508205723477454848,nonmisinfo
1508139210930372608,nonmisinfo
1508024326074871808,nonmisinfo
1505575781019308032,nonmisinfo
1507915664253718528,misinfo
1507498367466757888,nonmisinfo
1503263497790050304,misinfo
1498528511665250304,misinfo
1501525178051928064,misinfo
1507794181850337280,nonmisinfo
1500451904916271104,nonmisinfo
1508023897630953472,misinfo
1507643318993305600,nonmisinfo
1507796848731467520,nonmisinfo
1507488005866635264,nonmisinfo
1507736447918432256,misinfo
1508170168794595328,nonmisinfo
1507799878944149504,nonmisinfo
1507947123001671680,nonmisinfo
1508164163230646272,nonmisinfo
1508016616642121728,nonmisinfo
1508145304687759104,nonmisinfo
1502036952845061888,nonmisinfo
1497571087089127424,nonmisinfo
1508202583957114880,nonmisinfo
1507937365351821312,nonmisinfo
1510000000000000000,nonmisinfo
1500048794112737280,misinfo
1508083232939589632,nonmisinfo
1500591791002763264,nonmisinfo
1508223660204699648,nonmisinfo
1500142621343490048,nonmisinfo
1503674003227127808,nonmisinfo
1508100405305253888,nonmisinfo
1499879439836057600,nonmisinfo
1507747217884413952,nonmisinfo
1508178558816079872,nonmisinfo
1508221633734987520,nonmisinfo
1501024784024739840,nonmisinfo
1508210324742225920,nonmisinfo
1508184923085103104,misinfo
1508169323453444096,nonmisinfo
1508018863534792704,nonmisinfo
1504744912343994368,nonmisinfo
1507593155637653504,nonmisinfo
1507666345336327936,misinfo
1507030261191561216,nonmisinfo
1504545340610993920,nonmisinfo
1507566533870243840,nonmisinfo
1512386024399376384,misinfo
1508080392451997696,misinfo
1508206239053979648,nonmisinfo
1503203254385393664,misinfo
1592241279051743232,misinfo
1499520971690151936,misinfo
1508177904546549504,nonmisinfo
1506390568951332864,nonmisinfo
1508165613339951104,nonmisinfo
1508223853444489216,misinfo
1507992995009761280,misinfo
1507915474067066880,misinfo
1508156932632330240,misinfo
1508169314720956416,misinfo
1507771907273211904,nonmisinfo
1501860423305474048,nonmisinfo
1506340026275168256,nonmisinfo
1507540003861139456,nonmisinfo
1508113026301497088,nonmisinfo
1500610858996666368,nonmisinfo
1505301849125326848,nonmisinfo
1514193082971037696,misinfo
1505267638099922688,nonmisinfo
1579223558508539904,misinfo
1500077138979876864,nonmisinfo
1507797707250974720,nonmisinfo
1498715856032911104,misinfo
1510583834173382656,misinfo
1508200979287609088,nonmisinfo
1497777312754028288,nonmisinfo
1507478526307577856,nonmisinfo
1508183125691711488,nonmisinfo
1508158143653634048,nonmisinfo
1592775491274313728,misinfo
1505371604963966720,nonmisinfo
1507943916326166528,misinfo
1508130837090521088,nonmisinfo
1504665143627722752,nonmisinfo
1508085849828864000,nonmisinfo
1508177583879462912,nonmisinfo
1580840894894264320,misinfo
1505909611571916800,misinfo
1507800925406175232,nonmisinfo
1496865285701210112,nonmisinfo
1507623247948533504,nonmisinfo
1508115801471082496,misinfo
1508131813490896896,nonmisinfo
1508086512713613312,nonmisinfo
1501878408695148288,nonmisinfo
1508217300876500736,nonmisinfo
1508142523163856896,nonmisinfo
1504524744481287936,nonmisinfo
1508210439779352320,nonmisinfo
1508181350033108736,nonmisinfo
1507540754914107136,nonmisinfo
1505247987857080320,nonmisinfo
1500592272785747968,nonmisinfo
1508186649796165632,nonmisinfo
1507760478575263488,nonmisinfo
1507480816863096832,nonmisinfo
1508130265071296512,nonmisinfo
1508180077573513216,nonmisinfo
1561373022962999296,misinfo
1508178399365324800,misinfo
1508176914976026624,nonmisinfo
1629211012493676288,misinfo
1582388553547325440,misinfo
1579417414827388928,misinfo
1507830364865277952,misinfo
1508071635517116416,nonmisinfo
1508148940679561216,misinfo
1507503131352977408,nonmisinfo
1496922408925773824,misinfo
1500521290674974720,nonmisinfo
1508230745105522688,misinfo
1507835514648506368,nonmisinfo
1508128415374848000,nonmisinfo
1507665349084282880,misinfo
1507535138967613440,nonmisinfo
1508222476265926656,nonmisinfo
1582285715970613248,misinfo
1500800325200011264,nonmisinfo
1506269070823464704,nonmisinfo
1497897140265185280,misinfo
1507547191791210496,nonmisinfo
1507740407580438528,nonmisinfo
1508153501876117504,nonmisinfo
1508096000367509504,misinfo
1508075734300081920,nonmisinfo
1508225953985867520,nonmisinfo
1508205005978971904,nonmisinfo
1525166952502657024,misinfo
1508218846897119232,nonmisinfo
1506604352680587264,misinfo
1508227037550551040,nonmisinfo
1508133437651050496,nonmisinfo
1499041366696992768,nonmisinfo
1500999262800576512,nonmisinfo
1508102490260135936,nonmisinfo
1507545091409604608,nonmisinfo
1501634531354451968,nonmisinfo
1497543633293266688,misinfo
1507636255026253824,misinfo
1507509778200858624,misinfo
1507734796482453504,nonmisinfo
1499419119497711616,misinfo
1507956662359175168,nonmisinfo
1507618601209053184,misinfo
1508193674592727040,misinfo
1503036324869455872,nonmisinfo
1508229882567958528,misinfo
1507502965904527104,nonmisinfo
1501564234320072704,nonmisinfo
1501010071865933824,nonmisinfo
1508018477285658624,nonmisinfo
1500154780416724736,misinfo
1507780605349892096,misinfo
1508134270602133504,nonmisinfo
1502036553358479104,nonmisinfo
1508017336934178816,nonmisinfo
1508159784176001024,nonmisinfo
1508000789255663616,nonmisinfo
1510340170960232448,misinfo
1499381363010682880,misinfo
1508198165282963456,misinfo
1502183040591793920,nonmisinfo
1498791864916496384,misinfo
1508040904443015168,nonmisinfo
1508171032766648320,nonmisinfo
1501965460253945856,misinfo
1498871247454842880,misinfo
1508146475741687808,nonmisinfo
1550016828394594304,nonmisinfo
1508033890325344256,nonmisinfo
1508147796465102848,misinfo
1508143493146939392,misinfo
1507478613289013248,nonmisinfo
1501417782835318784,nonmisinfo
1508185322009821184,nonmisinfo
1508121219001892864,nonmisinfo
1508150887415525120,misinfo
1501970544215805952,nonmisinfo
1503122442990071808,misinfo
1507796943648477184,misinfo
1507798741868490752,nonmisinfo
1500506957689413632,misinfo
1508143972299988992,nonmisinfo
1508126328956010496,nonmisinfo
1504473783482023936,misinfo
1497675158353498112,nonmisinfo
1541799063842181120,misinfo
1508218849707057152,nonmisinfo
1507822833614962688,nonmisinfo
1508210027118612480,misinfo
1499800726851125248,nonmisinfo
1508161998458130432,nonmisinfo
1505265290803884032,nonmisinfo
1508134300037771264,misinfo
1507715736529162240,nonmisinfo
1507808639096172288,nonmisinfo
1502283743305863168,nonmisinfo
1508181630783008768,misinfo
1498797867582226432,nonmisinfo
1592373463993704448,misinfo
1508194891238715392,nonmisinfo
1507698812118306816,misinfo
1501019360546418688,nonmisinfo
1502487392153861888,nonmisinfo
1508130915670794240,nonmisinfo
1506519502435102720,nonmisinfo
1508135270381764608,nonmisinfo
1507939984250007552,nonmisinfo
1504610869724041216,nonmisinfo
1502383578037977088,nonmisinfo
1497140960127590400,misinfo
1501692338707517440,nonmisinfo
1508024529762721536,nonmisinfo
1508153657489043456,nonmisinfo
1500166332712566784,misinfo
1508094315989508096,nonmisinfo
1496946482087268352,nonmisinfo
1508139999589539840,nonmisinfo
1496962242012667904,misinfo
1499779699639128064,nonmisinfo
1506548430205825024,misinfo
1508107416268902400,misinfo
1507661652463800320,nonmisinfo
1508210982417539072,nonmisinfo
1508131667592065024,nonmisinfo
1507930195583451136,nonmisinfo
1507801941577015296,nonmisinfo
1508061904832499712,misinfo
1508074706892582912,misinfo
1508164852959027200,misinfo
1504025176803094528,nonmisinfo
1508071029431836672,nonmisinfo
1508217015500037888,nonmisinfo
1501688008621363200,misinfo
1508042810720673792,nonmisinfo
1508035157684588288,nonmisinfo
1507999210867617536,nonmisinfo
1508110195725111296,nonmisinfo
1498064378255581184,misinfo
1508134984170848256,nonmisinfo
1507486517664440320,misinfo
1624805312862752768,misinfo
1507788944548634624,nonmisinfo
1508038223859134464,nonmisinfo
1507681380381175808,nonmisinfo
1507502831007375104,nonmisinfo
1508074629100883968,misinfo
1508021814160670720,nonmisinfo
1498121118925963264,misinfo
1501670410647183104,misinfo
1498348427159261184,misinfo
1508185479254102016,nonmisinfo
1508125771294035968,nonmisinfo
1508136918676029440,nonmisinfo
1501512188556505088,nonmisinfo
1500551170124877824,nonmisinfo
1507564804596240384,misinfo
1508185015498289152,nonmisinfo
1505690274483298304,nonmisinfo
1508065471647657984,nonmisinfo
1507498907252801536,misinfo
1501116789983707136,nonmisinfo
1500408907583279104,misinfo
1508081071317041152,misinfo
1508205590648029184,nonmisinfo
1508124384627724288,nonmisinfo
1508167019329470464,nonmisinfo
1507742001969922048,nonmisinfo
1505288589701230336,nonmisinfo
1507836230209310720,nonmisinfo
1508174203090083840,nonmisinfo
1507483891015175936,nonmisinfo
1508105347978100736,nonmisinfo
1500619072446377984,nonmisinfo
1507918436717895680,nonmisinfo
1508226474196836352,nonmisinfo
1507713989807063040,nonmisinfo
1507799758102056704,nonmisinfo
1507555918384410624,nonmisinfo
1501500300145872896,misinfo
1500987451418071040,misinfo
1625683559745986304,misinfo
1508127444527689728,nonmisinfo
1507485131870724096,nonmisinfo
1508166211716071424,misinfo
1508172942265532416,nonmisinfo
1508021314539376640,nonmisinfo
1508168572387966720,nonmisinfo
1497228213185089536,misinfo
1501245253743001600,misinfo
1500426175948427264,nonmisinfo
1499901219032215552,nonmisinfo
1500216651920330752,nonmisinfo
1508183525345959936,misinfo
1507771705023991808,nonmisinfo
1529328745626075136,misinfo
1501906969828933632,misinfo
1507799739756347136,misinfo
1504525726573289472,nonmisinfo
1507763068646100736,nonmisinfo
1511343025125052416,misinfo
1507907405560291328,nonmisinfo
1579780430852943872,nonmisinfo
1620001770482307072,misinfo
1508156640431951872,nonmisinfo
1502169633465401088,nonmisinfo
1508028895479537664,nonmisinfo
1508212477884080128,nonmisinfo
1508178506697646080,nonmisinfo
1499825728539357184,nonmisinfo
1507733237988270080,nonmisinfo
1507900967185907712,nonmisinfo
1508011150499319808,misinfo
1635446265692532736,misinfo
1500867559025000448,nonmisinfo
1508209996684746752,nonmisinfo
1500487646597967872,misinfo
1563029847848677120,misinfo
1507825948535799808,nonmisinfo
1508169934651760640,nonmisinfo
1499800941482102784,nonmisinfo
1497313160117772288,misinfo
1507745642663198720,nonmisinfo
1508206558576062464,nonmisinfo
1508130444608483328,nonmisinfo
1508126885783343104,nonmisinfo
1497459977350491904,nonmisinfo
1508138404336357120,nonmisinfo
1170059598163845120,misinfo
1528519551666868224,misinfo
1507606369544855552,nonmisinfo
1502082183363764224,nonmisinfo
1508146180328407040,misinfo
1508137920775008256,misinfo
1579352126287130624,nonmisinfo
1506322184070909952,misinfo
1504197928428179456,misinfo
1500720370504060928,nonmisinfo
1507733578343399424,nonmisinfo
1508145996265447424,nonmisinfo
1521135609804374016,nonmisinfo
1501270193716273152,misinfo
1501619989236879104,misinfo
1508152825284419584,misinfo
1491431544946249728,misinfo
1505723906275041280,nonmisinfo
1508191902843219968,misinfo
1508022648680468480,nonmisinfo
1505549801030627328,nonmisinfo
1496930145034190848,misinfo
1496711304765231104,nonmisinfo
1507823053706776320,nonmisinfo
1508137277310087168,nonmisinfo
1508201277515214848,nonmisinfo
1517182626183929856,misinfo
1508129547656519680,nonmisinfo
1502260472300507136,nonmisinfo
1507948025272057856,nonmisinfo
1508072754746171136,misinfo
1508124736341041152,misinfo
1508168729594585088,misinfo
1507723869934821120,nonmisinfo
1500702001906487296,nonmisinfo
1500246977086373888,misinfo
1508127224087543808,misinfo
1508083459507511296,nonmisinfo
1500438605138911232,misinfo
1572615333940174848,nonmisinfo
1600852763885285120,misinfo
1508194169252200448,nonmisinfo
1508190871619096320,nonmisinfo
1579239315837943808,misinfo
1508174575632203520,nonmisinfo
1503327421839417088,nonmisinfo
1500875170977828864,misinfo
1498730843199741952,misinfo
1508131944533753856,misinfo
1508064844716650496,nonmisinfo
1507624447737483264,misinfo
1508084668213575680,nonmisinfo
1498344843843620864,nonmisinfo
1508092006068850688,nonmisinfo
1508182242702597888,nonmisinfo
1508120565709783040,nonmisinfo
1628442250152709888,misinfo
1507737954437017600,nonmisinfo
1508019271871389696,misinfo
1508133390104465408,nonmisinfo
1508144359723651072,nonmisinfo
1506225394445611008,nonmisinfo
1500614750488698880,nonmisinfo
1502234500608180224,misinfo
1508140835841490688,nonmisinfo
1497232054320304128,misinfo
1508145735421812736,nonmisinfo
1503737689585209088,nonmisinfo
1508137168543363072,misinfo
1508040132707897088,nonmisinfo
1507506922412462080,nonmisinfo
1497636980284399616,misinfo
1507933662129671936,misinfo
1507828362483576832,nonmisinfo
1507985673936150528,nonmisinfo
1508203378731630592,nonmisinfo
1501352523940069120,nonmisinfo
1497996557655973888,misinfo
1501219848134791168,nonmisinfo
1501485697252806656,nonmisinfo
1508142916551778304,nonmisinfo
1507920737822294016,nonmisinfo
1508194416598695936,nonmisinfo
1507061730274385920,nonmisinfo
1503752794158911488,misinfo
1503658788598923264,nonmisinfo
1508034786216095488,nonmisinfo
1500741878693736448,nonmisinfo
1498853496535363584,nonmisinfo
1499714793242247168,nonmisinfo
1508017416906944512,nonmisinfo
1507699093623123968,nonmisinfo
1500564253400576000,misinfo
1508143078141579264,nonmisinfo
1508008158987538432,nonmisinfo
1508156650485595904,nonmisinfo
1494372274983641088,misinfo
1508160822152941568,nonmisinfo
1508154469388804096,nonmisinfo
1508146301619167232,misinfo
1501237198976344064,nonmisinfo
1507864604533268480,nonmisinfo
1508103861680197632,misinfo
1508200725163089920,nonmisinfo
1507922791022047232,misinfo
1507561041353330688,nonmisinfo
1503389565347893248,nonmisinfo
1500674437879795712,nonmisinfo
1501160740342071296,nonmisinfo
1508151232405250048,nonmisinfo
1496925919164133120,nonmisinfo
1507831125711929088,nonmisinfo
1507492965190713088,nonmisinfo
1504368932408504320,misinfo
1508108633728557056,nonmisinfo
1506246897509486336,nonmisinfo
1508136652115521536,misinfo
1600149226456961024,nonmisinfo
1505732793191522304,nonmisinfo
1566787807657566208,nonmisinfo
1507888850676465664,nonmisinfo
1501994727012372480,nonmisinfo
1500198057308307456,misinfo
1501730385138487296,misinfo
1498059980544438272,misinfo
1507547605890309888,nonmisinfo
1501440118384730112,nonmisinfo
1506970880617852928,nonmisinfo
1508156904895180800,nonmisinfo
1508034509333278720,nonmisinfo
1507642346225094656,nonmisinfo
1499838402895699968,nonmisinfo
1508172278709858304,nonmisinfo
1507504000291115008,nonmisinfo
1508091855900053504,nonmisinfo
1500209755608043520,misinfo
1507799736748810240,nonmisinfo
1508082670441484288,nonmisinfo
1503669294764228608,nonmisinfo
1508073334533152768,nonmisinfo
1507691259988783104,nonmisinfo
1507940312479588352,nonmisinfo
1505408402566127616,nonmisinfo
1499708591586287616,nonmisinfo
1507774623500292096,misinfo
1508140400434978816,nonmisinfo
1508151818659917824,nonmisinfo
1507999073223462912,nonmisinfo
1508180768102747904,nonmisinfo
1501637637668548608,misinfo
1508146888020832256,nonmisinfo
1507493543945949184,nonmisinfo
1508149678293937920,misinfo
1508049600682381312,misinfo
1507830762984329216,nonmisinfo
1504391649790775296,misinfo
1508206396927488000,nonmisinfo
1505367078399840256,nonmisinfo
1500539469623144448,misinfo
1508004114927689728,nonmisinfo
1508182518079664128,nonmisinfo
1508066000943595520,nonmisinfo
1498962995472474112,misinfo
1497918139396505600,misinfo
1617938079217483776,misinfo
1508067740896186368,nonmisinfo
1508084990185250816,misinfo
1507622477148553216,nonmisinfo
1499824727069802496,misinfo
1506734023376310272,misinfo
1503708274285240320,nonmisinfo
1500913984710529024,nonmisinfo
1508154604432740352,nonmisinfo
1578072041835610112,misinfo
1508092582597107712,nonmisinfo
1507751279937916928,nonmisinfo
1508180203205545984,nonmisinfo
1559882546422452224,misinfo
1508119238011141888,nonmisinfo
1505458812865683456,misinfo
1508162848928804864,nonmisinfo
1591817900100554752,misinfo
1508192972982173696,misinfo
1500836526875365120,misinfo
1499781239783313408,nonmisinfo
1504825655258763264,nonmisinfo
1505629356986667008,nonmisinfo
1507906042281488384,nonmisinfo
1498063629152890880,misinfo
1506341335476879104,nonmisinfo
1507960754623946752,nonmisinfo
1508012263105568768,nonmisinfo
1508013149391552512,misinfo
1524670136292155136,misinfo
1508178009022476288,nonmisinfo
1507611854897651712,nonmisinfo
1508136241212141568,nonmisinfo
1508170404485029888,nonmisinfo
1507837978135179264,nonmisinfo
1507813450906542080,nonmisinfo
1500200434799161088,nonmisinfo
1496929539024465920,nonmisinfo
1508115692310118400,nonmisinfo
1506394616379191296,nonmisinfo
1508014914987827200,nonmisinfo
1510525340078252032,misinfo
1501241821992656896,nonmisinfo
1500092580314427136,nonmisinfo
1501839000193089536,nonmisinfo
1502323387372236800,nonmisinfo
1498326340591919104,misinfo
1502247698325327872,nonmisinfo
1566384212185341952,misinfo
1508096726980251648,nonmisinfo
1499165153136414720,misinfo
1499577621163626496,misinfo
1501363474072539136,nonmisinfo
1507874691213524736,nonmisinfo
1496722300288176128,misinfo
1546590030461804288,misinfo
1508171485147504640,nonmisinfo
1507725271641772032,nonmisinfo
1507738685583802368,nonmisinfo
1508132823881818112,nonmisinfo
1499718929966632704,nonmisinfo
1508222366840545280,misinfo
1507959012410605568,nonmisinfo
1508011962243993600,misinfo
1579490559944974336,misinfo
1508200842113040384,nonmisinfo
1508199710263234304,nonmisinfo
1503876002124025856,nonmisinfo
1578078228358610688,misinfo
1507482240045006848,nonmisinfo
1508001325342400512,nonmisinfo
1498028524937957120,nonmisinfo
1504857360661364736,misinfo
1501712300952195072,nonmisinfo
1508162184689246208,nonmisinfo
1507603657923391488,nonmisinfo
1500225329595617280,misinfo
1507960519549931520,nonmisinfo
1507734127583404032,misinfo
1508162213462294528,nonmisinfo
1505642991872053248,nonmisinfo
1507795508873469952,nonmisinfo
1508126021287133184,nonmisinfo
1508194965066817536,misinfo
1507481831393927168,nonmisinfo
1496999666902355968,misinfo
1507635584122163200,nonmisinfo
1508163521699319808,nonmisinfo
1508153345772503040,nonmisinfo
1501132583370903552,misinfo
1507792870794833920,misinfo
